Ticker,AMZN,AMZN,AMZN,AMZN,AMZN,AMZN,AAPL,AAPL,AAPL,AAPL,AAPL,AAPL,NFLX,NFLX,NFLX,NFLX,NFLX,NFLX,GOOG,GOOG,GOOG,GOOG,GOOG,GOOG,SAP,SAP,SAP,SAP,SAP,SAP,NVDA,NVDA,NVDA,NVDA,NVDA,NVDA,META,META,META,META,META,META
Price,Open,High,Low,Close,Adj Close,Volume,Open,High,Low,Close,Adj Close,Volume,Open,High,Low,Close,Adj Close,Volume,Open,High,Low,Close,Adj Close,Volume,Open,High,Low,Close,Adj Close,Volume,Open,High,Low,Close,Adj Close,Volume,Open,High,Low,Close,Adj Close,Volume
Date,,,,,,,,,,,,,,,,,,,,,,,,,,,,,,,,,,,,,,,,,,
2024-05-29,181.6999969482422,184.0800018310547,181.5500030517578,182.02000427246094,182.02000427246094,32009300,189.61000061035156,192.25,189.50999450683594,190.2899932861328,189.86111450195312,53068000,644.1300048828125,664.25,643.8900146484375,654.6199951171875,654.6199951171875,3695900,176.80999755859375,178.22999572753906,176.25999450683594,177.39999389648438,176.96539306640625,15023800,189.9600067138672,191.13999938964844,189.74000549316406,190.3699951171875,190.3699951171875,747400,113.05000305175781,115.49199676513672,110.9010009765625,114.82499694824219,114.80574798583984,557442000,474.6600036621094,479.8500061035156,473.70001220703125,474.3599853515625,473.43780517578125,9226200
2024-05-30,181.30999755859375,181.33999633789062,178.36000061035156,179.32000732421875,179.32000732421875,29249200,190.75999450683594,192.17999267578125,190.6300048828125,191.2899932861328,190.85885620117188,49947900,653.52001953125,656.489990234375,644.72998046875,647.6599731445312,647.6599731445312,2393400,176.69000244140625,176.69000244140625,173.22999572753906,173.55999755859375,173.1348114013672,18844000,185.25,185.52999877929688,179.75999450683594,180.25,180.25,1950600,114.6500015258789,115.81900024414062,109.66300201416016,110.5,110.4814682006836,487350000,471.6700134277344,471.7300109863281,464.7099914550781,467.04998779296875,466.14202880859375,10735200
2024-05-31,178.3000030517578,179.2100067138672,173.8699951171875,176.44000244140625,176.44000244140625,58903900,191.44000244140625,192.57000732421875,189.91000366210938,192.25,191.81668090820312,75158300,644.010009765625,648.5800170898438,628.2999877929688,641.6199951171875,641.6199951171875,4071000,173.39999389648438,174.4199981689453,170.97000122070312,173.9600067138672,173.53382873535156,28085200,181.97999572753906,182.64999389648438,179.42999267578125,182.44000244140625,182.44000244140625,848700,112.5199966430664,112.71700286865234,106.94000244140625,109.63300323486328,109.6146240234375,613263000,465.79998779296875,469.1199951171875,454.4599914550781,466.8299865722656,465.9224548339844,16919800
2024-06-03,177.6999969482422,178.6999969482422,175.9199981689453,178.33999633789062,178.33999633789062,30786600,192.89999389648438,194.99000549316406,192.52000427246094,194.02999877929688,193.59268188476562,50080500,645.219970703125,646.780029296875,627.27001953125,633.7899780273438,633.7899780273438,2323500,173.8800048828125,175.86000061035156,172.4499969482422,174.4199981689453,173.99270629882812,20742800,183.89999389648438,184.39999389648438,181.83999633789062,184.24000549316406,184.24000549316406,755000,113.62100219726562,115.0,112.00299835205078,115.0,114.98072052001953,438392000,470.8599853515625,479.6000061035156,468.239990234375,477.489990234375,476.561767578125,11279400
2024-06-04,177.63999938964844,179.82000732421875,176.44000244140625,179.33999633789062,179.33999633789062,27198400,194.63999938964844,195.32000732421875,193.02999877929688,194.35000610351562,193.91195678710938,47471400,633.780029296875,635.22998046875,626.4400024414062,631.6199951171875,631.6199951171875,3008200,174.4499969482422,175.19000244140625,173.22000122070312,175.1300048828125,174.70095825195312,14066600,184.0,184.99000549316406,183.22999572753906,184.22000122070312,184.22000122070312,470500,115.71600341796875,116.5999984741211,114.04499816894531,116.43699645996094,116.41747283935547,403324000,477.0,478.8900146484375,473.2300109863281,476.989990234375,476.0627136230469,7088700
2024-06-05,180.10000610351562,181.5,178.75,181.27999877929688,181.27999877929688,32116400,195.39999389648438,196.89999389648438,194.8699951171875,195.8699951171875,195.42852783203125,54156800,634.02001953125,651.25,628.25,650.27001953125,650.27001953125,2682600,176.53500366210938,177.97000122070312,175.2899932861328,177.07000732421875,176.63621520996094,15233900,186.1699981689453,188.77999877929688,185.3699951171875,188.75,188.75,697700,118.37100219726562,122.4489974975586,117.46800231933594,122.44000244140625,122.41947174072266,528402000,484.45001220703125,496.6499938964844,483.9100036621094,495.05999755859375,494.09759521484375,15690500
2024-06-06,181.75,185.0,181.49000549316406,185.0,185.0,31371200,195.69000244140625,196.5,194.1699981689453,194.47999572753906,194.0416717529297,41181800,644.8900146484375,657.989990234375,644.239990234375,648.52001953125,648.52001953125,2466700,177.42999267578125,178.7100067138672,177.2100067138672,178.35000610351562,177.9130859375,14255800,194.30999755859375,194.47000122070312,192.6999969482422,193.0399932861328,193.0399932861328,852100,124.0479965209961,125.58699798583984,118.31999969482422,120.99800109863281,120.97771453857422,664696000,492.9800109863281,502.82000732421875,490.8900146484375,493.760009765625,492.8001403808594,10667300
2024-06-07,184.89999389648438,186.2899932861328,183.36000061035156,184.3000030517578,184.3000030517578,28021500,194.64999389648438,196.94000244140625,194.13999938964844,196.88999938964844,196.44622802734375,53103900,649.3800048828125,650.4000244140625,640.239990234375,641.469970703125,641.469970703125,1876600,178.4600067138672,179.4199981689453,175.7899932861328,175.9499969482422,175.51895141601562,14716300,191.72999572753906,192.3300018310547,190.91000366210938,191.10000610351562,191.10000610351562,512900,119.7699966430664,121.69200134277344,118.02200317382812,120.88800048828125,120.86773681640625,412386000,495.9100036621094,498.9100036621094,490.1700134277344,492.9599914550781,492.0016784667969,9380700
2024-06-10,184.07000732421875,187.22999572753906,183.7899932861328,187.05999755859375,187.05999755859375,34494500,196.89999389648438,197.3000030517578,192.14999389648438,193.1199951171875,192.68472290039062,97262100,641.010009765625,644.7899780273438,635.5900268554688,644.5,644.5,2066800,176.4499969482422,178.47000122070312,174.3800048828125,176.6300048828125,176.39779663085938,17122200,188.8300018310547,190.52000427246094,188.75999450683594,190.24000549316406,190.24000549316406,456300,120.37000274658203,123.0999984741211,117.01000213623047,121.79000091552734,121.76958465576172,314162700,493.8599853515625,502.6600036621094,493.4100036621094,502.6000061035156,501.6229553222656,11236900
2024-06-11,187.05999755859375,187.77000427246094,184.5399932861328,187.22999572753906,187.22999572753906,27265100,193.64999389648438,207.16000366210938,193.6300048828125,207.14999389648438,206.68310546875,172373300,640.719970703125,650.1900024414062,640.52001953125,648.5499877929688,648.5499877929688,2167400,177.72000122070312,178.38999938964844,175.44000244140625,178.19000244140625,177.95574951171875,14402400,187.19000244140625,189.5500030517578,186.39999389648438,188.74000549316406,188.74000549316406,1006300,121.7699966430664,122.87000274658203,118.73999786376953,120.91000366210938,120.899658203125,222551200,500.1600036621094,507.6000061035156,498.2699890136719,507.4700012207031,506.48345947265625,9673700
2024-06-12,188.02000427246094,188.35000610351562,185.42999267578125,186.88999938964844,186.88999938964844,33984200,207.3699951171875,220.1999969482422,206.89999389648438,213.07000732421875,212.58978271484375,198134300,652.2100219726562,655.780029296875,643.1099853515625,650.0599975585938,650.0599975585938,2094400,179.75,182.0800018310547,177.77999877929688,179.55999755859375,179.32394409179688,18600400,195.1699981689453,197.42999267578125,194.89999389648438,197.1999969482422,197.1999969482422,1325100,123.05999755859375,126.87999725341797,122.56999969482422,125.19999694824219,125.18928527832031,299595000,513.989990234375,514.010009765625,504.4700012207031,508.8399963378906,507.8507995605469,11983200
2024-06-13,186.08999633789062,187.6699981689453,182.6699981689453,183.8300018310547,183.8300018310547,39721500,214.74000549316406,216.75,211.60000610351562,214.24000549316406,213.75714111328125,97862700,644.0,655.25,642.3499755859375,653.260009765625,653.260009765625,1863600,177.83999633789062,178.50999450683594,176.66000366210938,176.74000549316406,176.50765991210938,15956900,195.10000610351562,195.52000427246094,190.3300018310547,192.4199981689453,192.4199981689453,909600,129.38999938964844,129.8000030517578,127.16000366210938,129.61000061035156,129.59890747070312,260704500,505.7099914550781,509.3599853515625,501.3599853515625,504.1000061035156,503.1200256347656,9954600
2024-06-14,183.0800018310547,183.72000122070312,182.22999572753906,183.66000366210938,183.66000366210938,25456400,213.85000610351562,215.1699981689453,211.3000030517578,212.49000549316406,212.01107788085938,70122700,655.0499877929688,675.5800170898438,652.6400146484375,669.3800048828125,669.3800048828125,4447100,175.8520050048828,178.72999572753906,175.8520050048828,178.3699951171875,178.135498046875,12361600,188.16000366210938,188.69000244140625,186.5,187.82000732421875,187.82000732421875,1359700,129.9600067138672,132.83999633789062,128.32000732421875,131.8800048828125,131.8687286376953,309320400,502.6499938964844,507.1499938964844,500.75,504.1600036621094,503.67950439453125,10243300
2024-06-17,182.52000427246094,185.0,181.22000122070312,184.05999755859375,184.05999755859375,35601900,213.3699951171875,218.9499969482422,212.72000122070312,216.6699981689453,216.18165588378906,93728300,669.1099853515625,682.7100219726562,665.1099853515625,675.8300170898438,675.8300170898438,3631200,176.97999572753906,179.9199981689453,176.49000549316406,178.77999877929688,178.5449676513672,15272900,188.7100067138672,190.41000366210938,188.1699981689453,190.02000427246094,190.02000427246094,1070100,132.99000549316406,133.72999572753906,129.5800018310547,130.97999572753906,130.9687957763672,288504400,501.6700134277344,510.75,496.010009765625,506.6300048828125,506.14715576171875,11266600
2024-06-18,183.74000549316406,184.2899932861328,181.42999267578125,182.80999755859375,182.80999755859375,36659200,217.58999633789062,218.6300048828125,213.0,214.2899932861328,213.8070068359375,79943300,675.6300048828125,687.0599975585938,674.6400146484375,685.6699829101562,685.6699829101562,2943800,178.7899932861328,178.91000366210938,175.6199951171875,176.4499969482422,176.21803283691406,15640300,188.8000030517578,189.82000732421875,188.4499969482422,188.6199951171875,188.6199951171875,681600,131.13999938964844,136.3300018310547,130.69000244140625,135.5800018310547,135.5684051513672,294335100,504.55999755859375,506.0,495.0199890136719,499.489990234375,499.0139465332031,13060400
2024-06-20,182.91000366210938,186.50999450683594,182.72000122070312,186.10000610351562,186.10000610351562,44726800,213.92999267578125,214.24000549316406,208.85000610351562,209.67999267578125,209.2073974609375,86172500,681.7999877929688,689.8800048828125,673.719970703125,679.030029296875,679.030029296875,2585100,176.7100067138672,178.74000549316406,176.4600067138672,177.7100067138672,177.47637939453125,16753200,190.49000549316406,193.44000244140625,190.2100067138672,191.47000122070312,191.47000122070312,1168800,139.8000030517578,140.75999450683594,129.52000427246094,130.77999877929688,130.76881408691406,517768400,502.0,503.6700134277344,496.7699890136719,501.70001220703125,501.22186279296875,11801200
2024-06-21,187.8000030517578,189.27999877929688,185.86000061035156,189.0800018310547,189.0800018310547,72931800,210.38999938964844,211.88999938964844,207.11000061035156,207.49000549316406,207.02235412597656,246421400,683.260009765625,686.9000244140625,678.0999755859375,686.1199951171875,686.1199951171875,4557100,178.49000549316406,182.51199340820312,178.05999755859375,180.25999450683594,180.02301025390625,59728000,192.8800048828125,194.3000030517578,192.00999450683594,194.16000366210938,194.16000366210938,650800,127.12000274658203,130.6300048828125,124.30000305175781,126.56999969482422,126.55917358398438,655484700,503.45001220703125,503.45001220703125,492.3900146484375,494.7799987792969,494.3084411621094,23130700
2024-06-24,189.3300018310547,191.0,185.3300018310547,185.57000732421875,185.57000732421875,50610400,207.72000122070312,212.6999969482422,206.58999633789062,208.13999938964844,207.67088317871094,80727000,685.0,685.5,664.5,669.02001953125,669.02001953125,3916300,181.27999877929688,182.0800018310547,180.22999572753906,180.7899932861328,180.5523223876953,18198300,192.13999938964844,193.3300018310547,191.58999633789062,191.69000244140625,191.69000244140625,709900,123.23999786376953,124.45999908447266,118.04000091552734,118.11000061035156,118.09989929199219,476060900,499.20001220703125,507.79998779296875,494.2900085449219,498.9100036621094,498.43450927734375,13525300
2024-06-25,186.80999755859375,188.83999633789062,185.4199981689453,186.33999633789062,186.33999633789062,45898500,209.14999389648438,211.3800048828125,208.61000061035156,209.07000732421875,208.59878540039062,56713900,673.4400024414062,673.6699829101562,662.2999877929688,672.4099731445312,672.4099731445312,2278800,181.14500427246094,185.75,181.10499572753906,185.5800018310547,185.33602905273438,18917700,193.00999450683594,195.7899932861328,192.41000366210938,195.74000549316406,195.74000549316406,696100,121.19999694824219,126.5,119.31999969482422,126.08999633789062,126.07920837402344,425787500,497.04998779296875,510.7099914550781,495.5,510.6000061035156,510.1133728027344,12109800
2024-06-26,186.9199981689453,194.8000030517578,186.25999450683594,193.61000061035156,193.61000061035156,65103900,211.5,214.86000061035156,210.63999938964844,213.25,212.7693634033203,66213200,672.4099731445312,682.9600219726562,670.02001953125,677.6900024414062,677.6900024414062,3545800,184.1999969482422,185.92999267578125,183.99000549316406,185.3699951171875,185.1262969970703,13375700,197.3300018310547,199.33999633789062,197.0399932861328,198.58999633789062,198.58999633789062,1205700,126.12999725341797,128.1199951171875,122.5999984741211,126.4000015258789,126.38919067382812,362975900,506.6499938964844,513.8099975585938,504.67999267578125,513.1199951171875,512.6309814453125,8882300
2024-06-27,195.00999450683594,199.83999633789062,194.1999969482422,197.85000610351562,197.85000610351562,74397500,214.69000244140625,215.74000549316406,212.35000610351562,214.10000610351562,213.61746215820312,49772700,679.3499755859375,688.5700073242188,678.1400146484375,684.3400268554688,684.3400268554688,2404800,185.64500427246094,187.5,185.4499969482422,186.86000061035156,186.61434936523438,13025700,199.6699981689453,201.4499969482422,199.61000061035156,200.75,200.75,763100,124.0999984741211,126.41000366210938,122.91999816894531,123.98999786376953,123.9793930053711,252571700,514.25,522.8800048828125,513.9000244140625,519.5599975585938,519.0648193359375,10121200
2024-06-28,197.72999572753906,198.85000610351562,192.5,193.25,193.25,76930200,215.77000427246094,216.07000732421875,210.3000030517578,210.6199951171875,210.14527893066406,82542700,679.0,687.0,673.0800170898438,674.8800048828125,674.8800048828125,3412400,185.72000122070312,186.5800018310547,183.3249969482422,183.4199981689453,183.17886352539062,23032400,201.75999450683594,204.3300018310547,200.88999938964844,201.7100067138672,201.7100067138672,843300,124.58000183105469,127.70999908447266,122.75,123.54000091552734,123.52943420410156,315516700,517.1500244140625,521.8800048828125,503.8399963378906,504.2200012207031,503.73944091796875,15855100
2024-07-01,193.49000549316406,198.3000030517578,192.82000732421875,197.1999969482422,197.1999969482422,41192000,212.08999633789062,217.50999450683594,211.9199981689453,216.75,216.261474609375,60402900,674.8900146484375,675.02001953125,663.780029296875,673.6099853515625,673.6099853515625,2212800,184.47999572753906,185.33999633789062,182.72999572753906,184.49000549316406,184.24746704101562,11815900,200.5399932861328,200.83999633789062,198.5800018310547,199.4199981689453,199.4199981689453,753400,123.47000122070312,124.83999633789062,118.83000183105469,124.30000305175781,124.28936767578125,284885500,504.95001220703125,506.5799865722656,493.1700134277344,504.67999267578125,504.1990051269531,10328200
2024-07-02,197.27999877929688,200.42999267578125,195.92999267578125,200.0,200.0,45600000,216.14999389648438,220.3800048828125,215.10000610351562,220.27000427246094,219.77354431152344,58046200,673.5399780273438,681.739990234375,670.0700073242188,679.5800170898438,679.5800170898438,2411400,183.47000122070312,186.9499969482422,183.05999755859375,186.61000061035156,186.3646697998047,12555500,197.67999267578125,199.3300018310547,197.5500030517578,198.5800018310547,198.5800018310547,596300,121.12999725341797,123.41000366210938,121.02999877929688,122.66999816894531,122.65950775146484,218374000,500.760009765625,510.5,499.45001220703125,509.5,509.014404296875,7739500
2024-07-03,199.94000244140625,200.02999877929688,196.75999450683594,197.58999633789062,197.58999633789062,31597900,220.0,221.5500030517578,219.02999877929688,221.5500030517578,221.0506591796875,37369800,677.47998046875,683.75,675.5,682.510009765625,682.510009765625,1403500,186.3000030517578,187.6199951171875,185.38499450683594,187.38999938964844,187.14364624023438,7409100,201.16000366210938,203.25,201.11000061035156,203.02000427246094,203.02000427246094,471600,121.66000366210938,128.27999877929688,121.36000061035156,128.27999877929688,128.26902770996094,215749000,506.3699951171875,511.2799987792969,506.0199890136719,509.9599914550781,509.4739685058594,6005600
2024-07-05,198.64999389648438,200.5500030517578,198.1699981689453,200.0,200.0,39858900,221.64999389648438,226.4499969482422,221.64999389648438,226.33999633789062,225.82984924316406,60412400,682.510009765625,697.489990234375,677.22998046875,690.6500244140625,690.6500244140625,2659100,187.32000732421875,192.25999450683594,187.32000732421875,191.9600067138672,191.7076416015625,14303400,205.7100067138672,206.0800018310547,203.72999572753906,205.94000244140625,205.94000244140625,552300,127.37999725341797,128.85000610351562,125.68000030517578,125.83000183105469,125.8192367553711,214176700,511.6000061035156,540.8699951171875,511.6000061035156,539.9099731445312,539.3953857421875,21354100
2024-07-08,200.0399932861328,201.1999969482422,197.9600067138672,199.2899932861328,199.2899932861328,34767300,227.08999633789062,227.85000610351562,223.25,227.82000732421875,227.30653381347656,59085900,687.0,688.8599853515625,681.489990234375,685.739990234375,685.739990234375,1930800,191.36500549316406,191.6790008544922,189.32000732421875,190.47999572753906,190.22958374023438,12097600,205.64999389648438,205.72999572753906,202.4600067138672,202.7899932861328,202.7899932861328,544900,127.48999786376953,130.77000427246094,127.04000091552734,128.1999969482422,128.18902587890625,237677300,542.3499755859375,542.8099975585938,526.6500244140625,529.3200073242188,528.8155517578125,14917500
2024-07-09,199.39999389648438,200.57000732421875,199.0500030517578,199.33999633789062,199.33999633789062,32700100,227.92999267578125,229.39999389648438,226.3699951171875,228.67999267578125,228.16458129882812,48076100,690.0,695.27001953125,684.719970703125,685.739990234375,685.739990234375,2596100,191.75,192.86000061035156,190.22999572753906,190.44000244140625,190.18963623046875,10198500,202.64999389648438,202.64999389648438,199.58999633789062,200.27999877929688,200.27999877929688,654000,130.35000610351562,133.82000732421875,128.64999389648438,131.3800048828125,131.3687744140625,285366600,533.75,537.47998046875,528.1900024414062,530.0,529.494873046875,8753200
2024-07-10,200.0,200.11000061035156,197.69000244140625,199.7899932861328,199.7899932861328,32883800,229.3000030517578,233.0800018310547,229.25,232.97999572753906,232.45489501953125,62627700,685.02001953125,687.219970703125,673.1599731445312,677.6500244140625,677.6500244140625,2651900,190.75,193.30999755859375,190.6199951171875,192.66000366210938,192.40672302246094,12052900,201.27000427246094,202.4199981689453,200.58999633789062,202.2899932861328,202.2899932861328,465900,134.02999877929688,135.10000610351562,132.4199981689453,134.91000366210938,134.89846801757812,248978600,530.7899780273438,538.8800048828125,528.3599853515625,534.6900024414062,534.180419921875,10983300
2024-07-11,200.08999633789062,200.27000427246094,192.86000061035156,195.0500030517578,195.0500030517578,44565000,231.38999938964844,232.38999938964844,225.77000427246094,227.57000732421875,227.05709838867188,64710600,672.489990234375,672.489990234375,647.4400024414062,652.75,652.75,5106600,191.33999633789062,192.41000366210938,186.82000732421875,187.3000030517578,187.05377197265625,16452000,203.77000427246094,204.13999938964844,201.3699951171875,201.72999572753906,201.72999572753906,613000,135.75,136.14999389648438,127.05000305175781,127.4000015258789,127.38910675048828,374782700,530.8900146484375,535.4600219726562,508.3699951171875,512.7000122070312,512.2113647460938,16458300
2024-07-12,194.8000030517578,196.47000122070312,193.8300018310547,194.49000549316406,194.49000549316406,30598500,228.9199981689453,232.63999938964844,228.67999267578125,230.5399932861328,230.0203857421875,53046500,652.75,655.9199829101562,643.7100219726562,647.5999755859375,647.5999755859375,3355200,186.9199981689453,188.69000244140625,186.13999938964844,186.77999877929688,186.53445434570312,14449100,202.8800048828125,206.33999633789062,202.47000122070312,205.11000061035156,205.11000061035156,635300,128.25999450683594,131.9199981689453,127.22000122070312,129.24000549316406,129.2289581298828,252680500,497.760009765625,508.0899963378906,494.2300109863281,498.8699951171875,498.39453125,19750500
2024-07-15,194.55999755859375,196.19000244140625,190.8300018310547,192.72000122070312,192.72000122070312,40683200,236.47999572753906,237.22999572753906,233.08999633789062,234.39999389648438,233.87168884277344,62631300,647.5,667.5399780273438,646.6300048828125,656.4500122070312,656.4500122070312,3208800,186.49000549316406,189.89999389648438,186.49000549316406,188.19000244140625,187.94259643554688,12186000,205.3300018310547,205.7100067138672,203.25,203.50999450683594,203.50999450683594,493700,130.55999755859375,131.38999938964844,127.18000030517578,128.44000244140625,128.42901611328125,208326200,498.6300048828125,506.67999267578125,493.3699951171875,496.1600036621094,495.6871337890625,12539200
2024-07-16,195.58999633789062,196.6199951171875,192.24000549316406,193.02000427246094,193.02000427246094,33994700,235.0,236.27000427246094,232.3300018310547,234.82000732421875,234.29074096679688,43234300,661.7999877929688,663.6799926757812,649.1300048828125,656.3200073242188,656.3200073242188,2685700,188.9600067138672,190.33999633789062,185.1199951171875,185.5,185.25613403320312,12760100,204.49000549316406,204.91000366210938,203.5,204.8699951171875,204.8699951171875,425800,128.44000244140625,129.0399932861328,124.58000183105469,126.36000061035156,126.34918975830078,214769500,501.5,503.95001220703125,485.7900085449219,489.7900085449219,489.3232116699219,14075800
2024-07-17,191.35000610351562,191.5800018310547,185.99000549316406,187.92999267578125,187.92999267578125,48076100,229.4499969482422,231.4600067138672,226.63999938964844,228.8800048828125,228.3641357421875,57345900,650.0,650.4500122070312,639.469970703125,647.4600219726562,647.4600219726562,4017300,184.67999267578125,185.22999572753906,181.6199951171875,182.6199951171875,182.37991333007812,17376600,201.50999450683594,202.16000366210938,199.1699981689453,200.00999450683594,200.00999450683594,790500,121.3499984741211,121.8499984741211,116.72000122070312,117.98999786376953,117.97990417480469,390086200,479.1700134277344,479.1700134277344,459.1199951171875,461.989990234375,461.5496826171875,28076600
2024-07-18,189.58999633789062,189.67999267578125,181.4499969482422,183.75,183.75,51043600,230.27999877929688,230.44000244140625,222.27000427246094,224.17999267578125,223.6747283935547,66034600,656.5999755859375,657.0399780273438,639.1699829101562,643.0399780273438,643.0399780273438,7575800,183.5399932861328,184.0500030517578,178.2100067138672,179.22000122070312,178.98439025878906,17877200,200.6300048828125,200.77000427246094,196.13999938964844,197.22999572753906,197.22999572753906,795700,121.8499984741211,122.4000015258789,116.55999755859375,121.08999633789062,121.07963562011719,320979500,475.0,479.239990234375,464.5400085449219,475.8500061035156,475.396484375,19267200
2024-07-19,181.13999938964844,184.92999267578125,180.11000061035156,183.1300048828125,183.1300048828125,43081800,224.82000732421875,226.8000030517578,223.27999877929688,224.30999755859375,223.80442810058594,49151500,660.6400146484375,678.969970703125,629.1199951171875,633.3400268554688,633.3400268554688,9815600,180.3699951171875,181.97000122070312,178.86000061035156,179.38999938964844,179.15415954589844,14485900,196.75999450683594,198.6199951171875,196.66000366210938,197.2100067138672,197.2100067138672,699600,120.3499984741211,121.5999984741211,117.37000274658203,117.93000030517578,117.91991424560547,217223800,476.05999755859375,486.7099914550781,475.7099914550781,476.7900085449219,476.3356018066406,15149400
2024-07-22,185.0,185.05999755859375,182.47999572753906,182.5500030517578,182.5500030517578,39931900,227.00999450683594,227.77999877929688,223.08999633789062,223.9600067138672,223.45523071289062,48201800,639.5,656.2899780273438,632.5999755859375,647.5,647.5,5219100,182.35000610351562,184.3000030517578,181.89999389648438,183.35000610351562,183.1089630126953,16303900,199.22999572753906,201.3000030517578,199.0399932861328,200.47000122070312,200.47000122070312,1058500,120.3499984741211,124.06999969482422,119.86000061035156,123.54000091552734,123.52943420410156,258068900,486.5799865722656,492.05999755859375,483.8999938964844,487.3999938964844,486.9354553222656,12023100
2024-07-23,184.10000610351562,189.38999938964844,183.55999755859375,186.41000366210938,186.41000366210938,47537700,224.3699951171875,226.94000244140625,222.67999267578125,225.00999450683594,224.5028533935547,39960300,647.5,649.9099731445312,641.0,642.760009765625,642.760009765625,2463600,183.83999633789062,185.22000122070312,183.3300018310547,183.60000610351562,183.358642578125,23772600,212.55999755859375,214.94000244140625,211.0,214.75999450683594,214.75999450683594,2594000,122.77999877929688,124.69000244140625,122.0999984741211,122.58999633789062,122.57951354980469,173911000,489.8399963378906,495.2200012207031,487.7200012207031,488.69000244140625,488.2242431640625,9455500
2024-07-24,183.1999969482422,185.4499969482422,180.41000366210938,180.8300018310547,180.8300018310547,41532400,224.0,224.8000030517578,217.1300048828125,218.5399932861328,218.0474395751953,61777600,635.739990234375,652.4199829101562,632.6699829101562,635.989990234375,635.989990234375,4888200,175.38999938964844,177.9499969482422,173.57000732421875,174.3699951171875,174.14076232910156,31250700,211.85000610351562,212.3300018310547,208.97000122070312,209.39999389648438,209.39999389648438,1380700,119.16999816894531,119.94999694824219,113.44000244140625,114.25,114.24022674560547,327776900,472.30999755859375,476.29998779296875,460.5799865722656,461.2699890136719,460.8303527832031,17649700
2024-07-25,182.91000366210938,183.89999389648438,176.8000030517578,179.85000610351562,179.85000610351562,44464200,218.92999267578125,220.85000610351562,214.6199951171875,217.49000549316406,216.99981689453125,51391200,641.0,649.97998046875,621.7000122070312,634.0900268554688,634.0900268554688,4554500,174.25,175.1999969482422,169.0500030517578,169.16000366210938,168.9376220703125,28967900,210.27999877929688,213.77000427246094,208.89999389648438,210.80999755859375,210.80999755859375,1378100,113.04000091552734,116.62999725341797,106.30000305175781,112.27999877929688,112.27039337158203,460067000,463.260009765625,463.54998779296875,442.6499938964844,453.4100036621094,452.9778747558594,18240500
2024-07-26,180.38999938964844,183.19000244140625,180.24000549316406,182.5,182.5,29506000,218.6999969482422,219.49000549316406,216.00999450683594,217.9600067138672,217.46875,41601300,645.0,646.989990234375,629.77001953125,631.3699951171875,631.3699951171875,3120700,168.77000427246094,169.83999633789062,165.86500549316406,168.67999267578125,168.45823669433594,25150100,211.7100067138672,214.0500030517578,210.91000366210938,213.4499969482422,213.4499969482422,688300,116.19000244140625,116.19999694824219,111.58000183105469,113.05999755859375,113.05032348632812,293399100,464.20001220703125,469.7699890136719,459.4200134277344,465.70001220703125,465.25616455078125,14222400
2024-07-29,183.83999633789062,184.75,182.3800048828125,183.1999969482422,183.1999969482422,33270100,216.9600067138672,219.3000030517578,215.75,218.24000549316406,217.7481231689453,36311800,634.6099853515625,634.6099853515625,623.9299926757812,626.9600219726562,626.9600219726562,2400500,170.5,172.16000366210938,169.72000122070312,171.1300048828125,170.905029296875,13768900,211.27000427246094,211.85000610351562,208.69000244140625,209.1999969482422,209.1999969482422,1005100,113.69000244140625,116.27999877929688,111.30000305175781,111.58999633789062,111.58045196533203,248152100,469.8800048828125,473.9599914550781,465.0199890136719,465.7099914550781,465.2661437988281,11339600
2024-07-30,184.72000122070312,185.86000061035156,179.3800048828125,181.7100067138672,181.7100067138672,39508600,219.19000244140625,220.3300018310547,216.1199951171875,218.8000030517578,218.30685424804688,41643800,630.1699829101562,634.6900024414062,617.0,622.5800170898438,622.5800170898438,3496600,171.8300018310547,172.9499969482422,170.1199951171875,171.86000061035156,171.63406372070312,13681400,207.7899932861328,208.67999267578125,206.3699951171875,206.75999450683594,206.75999450683594,1045500,111.5199966430664,111.98999786376953,102.54000091552734,103.7300033569336,103.72113037109375,486833300,467.0,472.7300109863281,456.70001220703125,463.19000244140625,462.74853515625,11390400
2024-07-31,185.0500030517578,187.94000244140625,184.4600067138672,186.97999572753906,186.97999572753906,41667300,221.44000244140625,223.82000732421875,220.6300048828125,222.0800018310547,221.5794677734375,50036300,626.5700073242188,633.5999755859375,622.5800170898438,628.3499755859375,628.3499755859375,3134900,174.9199981689453,175.91000366210938,171.72000122070312,173.14999389648438,172.92236328125,15650200,210.7100067138672,212.44000244140625,209.6999969482422,211.60000610351562,211.60000610351562,491500,112.9000015258789,118.33999633789062,110.87999725341797,117.0199966430664,117.0099868774414,473174200,471.0199890136719,476.5,466.75,474.8299865722656,474.37744140625,24285800
2024-08-01,189.2899932861328,190.60000610351562,181.8699951171875,184.07000732421875,184.07000732421875,70435600,224.3699951171875,224.47999572753906,217.02000427246094,218.36000061035156,217.8678436279297,62501000,629.25,646.7100219726562,617.6099853515625,624.8499755859375,624.8499755859375,3720600,171.97999572753906,175.67999267578125,170.50999450683594,172.4499969482422,172.22328186035156,17177800,208.69000244140625,211.08999633789062,204.35000610351562,205.55999755859375,205.55999755859375,681900,117.52999877929688,120.16000366210938,106.80999755859375,109.20999908447266,109.2006607055664,523462300,521.0,527.1699829101562,492.1000061035156,497.739990234375,497.2655944824219,43083100
2024-08-02,166.75,168.77000427246094,160.5500030517578,167.89999389648438,167.89999389648438,141448400,219.14999389648438,225.60000610351562,217.7100067138672,219.86000061035156,219.36447143554688,105568600,620.97998046875,625.27001953125,608.3499755859375,613.6400146484375,613.6400146484375,3523000,168.19000244140625,170.2100067138672,166.38999938964844,168.39999389648438,168.17860412597656,18907800,204.0800018310547,204.99000549316406,202.6699981689453,204.72000122070312,204.72000122070312,1144600,103.76000213623047,108.72000122070312,101.37000274658203,107.2699966430664,107.26081848144531,482027500,489.0,501.1499938964844,476.1499938964844,488.1400146484375,487.6747741699219,24044700
2024-08-05,154.2100067138672,162.9600067138672,151.61000061035156,161.02000427246094,161.02000427246094,83149400,199.08999633789062,213.5,196.0,209.27000427246094,208.79833984375,119548600,587.0399780273438,604.5599975585938,587.0399780273438,598.5499877929688,598.5499877929688,4044200,157.3699951171875,165.94000244140625,156.60000610351562,160.63999938964844,160.42881774902344,34907800,195.10000610351562,200.77999877929688,194.92999267578125,199.02999877929688,199.02999877929688,1473800,92.05999755859375,103.41000366210938,90.69000244140625,100.44999694824219,100.44140625,552842400,451.3500061035156,483.4800109863281,450.79998779296875,475.7300109863281,475.276611328125,21396200
2024-08-06,161.7100067138672,165.0800018310547,158.5399932861328,161.92999267578125,161.92999267578125,59950800,205.3000030517578,209.99000549316406,201.07000732421875,207.22999572753906,206.762939453125,69660500,600.6199951171875,622.4500122070312,600.6199951171875,609.5700073242188,609.5700073242188,4319100,160.94500732421875,162.35000610351562,158.1300048828125,160.5399932861328,160.3289337158203,36146500,201.2899932861328,204.5500030517578,201.02999877929688,201.72999572753906,201.72999572753906,898700,103.83999633789062,107.70999908447266,100.55000305175781,104.25,104.24108123779297,409012100,479.0,502.55999755859375,478.6499938964844,494.0899963378906,493.61907958984375,20955000
2024-08-07,166.5500030517578,167.5800018310547,161.42999267578125,162.77000427246094,162.77000427246094,48408200,206.89999389648438,213.63999938964844,206.38999938964844,209.82000732421875,209.34710693359375,63516400,616.0700073242188,632.0,610.6400146484375,611.47998046875,611.47998046875,3187800,163.24000549316406,164.7899932861328,160.24000549316406,160.75,160.53866577148438,19334200,203.8800048828125,205.91000366210938,201.36000061035156,201.58999633789062,201.58999633789062,715100,107.80999755859375,108.80000305175781,98.69000244140625,98.91000366210938,98.90154266357422,411440400,503.1300048828125,510.1499938964844,486.8599853515625,488.9200134277344,488.45404052734375,20105300
2024-08-08,165.1699981689453,166.69000244140625,162.5500030517578,165.8000030517578,165.8000030517578,44616200,213.11000061035156,214.1999969482422,208.8300018310547,213.30999755859375,212.8292236328125,47161100,621.989990234375,632.2899780273438,616.02001953125,630.3499755859375,630.3499755859375,3283500,162.343994140625,165.5,162.02999877929688,163.83999633789062,163.62460327148438,15733600,203.08999633789062,206.9499969482422,201.7100067138672,206.27999877929688,206.27999877929688,1038200,102.0,105.5,97.5199966430664,104.97000122070312,104.96102142333984,391910000,497.5,509.9599914550781,494.7200012207031,509.6300048828125,509.144287109375,16156800
2024-08-09,166.39999389648438,168.5500030517578,165.85000610351562,166.94000244140625,166.94000244140625,36401000,212.10000610351562,216.77999877929688,211.97000122070312,216.24000549316406,215.7526397705078,42201600,622.989990234375,636.6199951171875,622.989990234375,633.9400024414062,633.9400024414062,1980800,161.64500427246094,165.52000427246094,160.92999267578125,165.38999938964844,165.17257690429688,13549200,205.75999450683594,208.99000549316406,205.75999450683594,208.52999877929688,208.52999877929688,593300,105.63999938964844,106.5999984741211,103.43000030517578,104.75,104.74104309082031,290844200,507.7099914550781,518.3400268554688,505.70001220703125,517.77001953125,517.2765502929688,13696600
2024-08-12,168.13999938964844,168.5500030517578,166.11000061035156,166.8000030517578,166.8000030517578,30072800,216.07000732421875,219.50999450683594,215.60000610351562,217.52999877929688,217.2909393310547,38028100,631.0,639.0,627.0700073242188,633.1400146484375,633.1400146484375,2331700,165.9949951171875,166.6999969482422,163.5500030517578,163.9499969482422,163.73446655273438,12435000,207.0800018310547,207.8000030517578,205.50999450683594,205.97999572753906,205.97999572753906,521200,106.31999969482422,111.06999969482422,106.26000213623047,109.0199966430664,109.01067352294922,325559900,516.8599853515625,518.02001953125,509.1000061035156,515.9500122070312,515.458251953125,9767400
2024-08-13,167.80999755859375,171.0399932861328,167.10000610351562,170.22999572753906,170.22999572753906,39237900,219.00999450683594,221.88999938964844,219.00999450683594,221.27000427246094,221.02682495117188,44155300,638.5599975585938,650.969970703125,635.5,648.02001953125,648.02001953125,2639600,165.18499755859375,166.5399932861328,164.77000427246094,165.92999267578125,165.71185302734375,12717600,208.4600067138672,211.36000061035156,208.24000549316406,211.02000427246094,211.02000427246094,413200,112.44000244140625,116.2300033569336,111.58000183105469,116.13999938964844,116.13006591796875,312646700,520.010009765625,531.5,518.1500244140625,528.5399780273438,528.0362548828125,13743800
2024-08-14,172.11000061035156,172.27999877929688,168.86000061035156,170.10000610351562,170.10000610351562,28843800,220.57000732421875,223.02999877929688,219.6999969482422,221.72000122070312,221.47633361816406,41960600,648.7000122070312,663.5700073242188,648.7000122070312,661.6799926757812,661.6799926757812,4014300,164.2100067138672,164.9600067138672,159.52999877929688,162.02999877929688,161.81698608398438,22515900,211.97000122070312,212.7899932861328,210.8300018310547,212.5500030517578,212.5500030517578,711000,118.52999877929688,118.5999984741211,114.06999969482422,118.08000183105469,118.06990051269531,339246400,528.0599975585938,534.0,523.1300048828125,526.760009765625,526.2579956054688,11444200
2024-08-15,174.86000061035156,177.91000366210938,173.99000549316406,177.58999633789062,177.58999633789062,51698500,224.60000610351562,225.35000610351562,222.75999450683594,224.72000122070312,224.47303771972656,46414000,668.489990234375,673.1900024414062,659.7999877929688,663.219970703125,663.219970703125,3210200,162.2100067138672,163.52000427246094,161.49000549316406,163.1699981689453,162.9554901123047,18392500,213.47999572753906,215.52000427246094,213.44000244140625,214.94000244140625,214.94000244140625,543200,118.76000213623047,123.23999786376953,117.47000122070312,122.86000061035156,122.84949493408203,318086700,531.7899780273438,539.77001953125,526.7000122070312,537.3300170898438,536.81787109375,13482100
2024-08-16,177.0399932861328,178.33999633789062,176.25999450683594,177.05999755859375,177.05999755859375,31489200,223.9199981689453,226.8300018310547,223.64999389648438,226.0500030517578,225.80157470703125,44340200,669.4299926757812,680.22998046875,665.3599853515625,674.0700073242188,674.0700073242188,3511000,163.41000366210938,166.9499969482422,163.0800018310547,164.74000549316406,164.5234375,16853100,215.6300048828125,217.10000610351562,215.16000366210938,216.1699981689453,216.1699981689453,546500,121.94000244140625,125.0,121.18000030517578,124.58000183105469,124.56934356689453,302589900,531.9000244140625,533.6599731445312,524.6599731445312,527.4199829101562,526.9172973632812,14776700
2024-08-19,177.63999938964844,178.3000030517578,176.16000366210938,178.22000122070312,178.22000122070312,31129800,225.72000122070312,225.99000549316406,223.0399932861328,225.88999938964844,225.64175415039062,40687800,674.0700073242188,688.8400268554688,672.9099731445312,688.530029296875,688.530029296875,3016200,167.0,168.47000122070312,166.08999633789062,168.39999389648438,168.17860412597656,13100800,216.16000366210938,219.05999755859375,215.89999389648438,219.0399932861328,219.0399932861328,558700,124.27999877929688,130.0,123.41999816894531,130.0,129.98887634277344,318333600,526.8699951171875,531.6599731445312,522.760009765625,529.280029296875,528.7755737304688,9879700
2024-08-20,177.9199981689453,179.00999450683594,177.42999267578125,178.8800048828125,178.8800048828125,26255200,225.77000427246094,227.1699981689453,225.4499969482422,226.50999450683594,226.2610626220703,30299000,688.8599853515625,711.3300170898438,688.25,698.5399780273438,698.5399780273438,4813100,168.74000549316406,170.41000366210938,168.66000366210938,168.9600067138672,168.73788452148438,12622500,219.17999267578125,220.1199951171875,217.1300048828125,217.77000427246094,217.77000427246094,567900,128.39999389648438,129.8800048828125,125.88999938964844,127.25,127.2391128540039,300087400,528.3499755859375,531.0900268554688,525.8800048828125,526.72998046875,526.2279663085938,7944400
2024-08-21,179.9199981689453,182.38999938964844,178.88999938964844,180.11000061035156,180.11000061035156,35599100,226.52000427246094,227.97999572753906,225.0500030517578,226.39999389648438,226.15118408203125,34765500,697.0,701.0,691.3800048828125,697.1199951171875,697.1199951171875,2235300,166.99000549316406,168.63999938964844,166.57000732421875,167.6300048828125,167.40963745117188,15269600,218.82000732421875,219.5,217.8000030517578,218.8699951171875,218.8699951171875,471800,127.31999969482422,129.35000610351562,126.66000366210938,128.5,128.489013671875,257883600,527.1500244140625,539.4000244140625,526.9299926757812,535.1599731445312,534.64990234375,13423300
2024-08-22,181.3800048828125,181.47000122070312,175.67999267578125,176.1300048828125,176.1300048828125,32047500,227.7899932861328,228.33999633789062,223.89999389648438,224.52999877929688,224.2832489013672,43695300,691.0,701.5,686.239990234375,688.9600219726562,688.9600219726562,2729400,169.0399932861328,169.4199981689453,165.02999877929688,165.49000549316406,165.27244567871094,19123800,219.67999267578125,220.10000610351562,217.14999389648438,217.25,217.25,1449600,130.02000427246094,130.75,123.0999984741211,123.73999786376953,123.72941589355469,376189100,537.0,544.22998046875,528.5900268554688,531.9299926757812,531.4230346679688,15708300
2024-08-23,177.33999633789062,178.97000122070312,175.24000549316406,177.0399932861328,177.0399932861328,29150100,225.66000366210938,228.22000122070312,224.3300018310547,226.83999633789062,226.5906982421875,38677300,694.1300048828125,696.0700073242188,678.6300048828125,686.72998046875,686.72998046875,2354500,166.5500030517578,167.9499969482422,165.66000366210938,167.42999267578125,167.2098846435547,14281600,218.02999877929688,220.1300048828125,217.4600067138672,219.14999389648438,219.14999389648438,1285100,125.86000061035156,129.60000610351562,125.22000122070312,129.3699951171875,129.3589324951172,323230300,536.9199829101562,539.8699951171875,525.0599975585938,528.0,527.4967651367188,11323900
2024-08-26,176.6999969482422,177.47000122070312,174.3000030517578,175.5,175.5,22366200,226.75999450683594,227.27999877929688,223.88999938964844,227.17999267578125,226.93032836914062,30602200,687.260009765625,690.5900268554688,681.6400146484375,688.4400024414062,688.4400024414062,1354200,168.15499877929688,169.3800048828125,166.32000732421875,167.92999267578125,167.709228515625,11990300,217.41000366210938,217.7899932861328,215.86000061035156,215.86000061035156,215.86000061035156,1566600,129.57000732421875,131.25999450683594,124.37000274658203,126.45999908447266,126.44918060302734,331964700,527.5999755859375,528.0,514.9500122070312,521.1199951171875,520.6233520507812,9584000
2024-08-27,174.14999389648438,174.88999938964844,172.25,173.1199951171875,173.1199951171875,29842000,226.0,228.85000610351562,224.88999938964844,228.02999877929688,227.77938842773438,35934600,688.530029296875,707.8900146484375,686.9199829101562,695.719970703125,695.719970703125,3164900,167.61000061035156,168.2449951171875,166.16000366210938,166.3800048828125,166.16127014160156,13718200,216.5500030517578,218.66000366210938,216.3800048828125,217.8300018310547,217.8300018310547,1007400,125.05000305175781,129.1999969482422,123.87999725341797,128.3000030517578,128.28903198242188,303134600,518.97998046875,524.010009765625,515.3099975585938,519.0999755859375,518.605224609375,6282700
2024-08-28,173.69000244140625,173.69000244140625,168.9199981689453,170.8000030517578,170.8000030517578,29045000,227.9199981689453,229.86000061035156,225.67999267578125,226.49000549316406,226.2410888671875,38052200,695.8300170898438,696.6699829101562,677.0999755859375,683.8400268554688,683.8400268554688,2430600,166.77999877929688,167.38999938964844,163.27999877929688,164.5,164.2837371826172,15208700,218.6300048828125,219.0399932861328,216.58999633789062,216.92999267578125,216.92999267578125,642900,128.1199951171875,128.3300018310547,122.63999938964844,125.61000061035156,125.59925842285156,448101100,517.6699829101562,521.0900268554688,512.4500122070312,516.780029296875,516.2874755859375,9106100
2024-08-29,173.22000122070312,174.2899932861328,170.80999755859375,172.1199951171875,172.1199951171875,26407800,230.10000610351562,232.9199981689453,228.8800048828125,229.7899932861328,229.53746032714844,51906300,690.0,699.7999877929688,686.0700073242188,692.47998046875,692.47998046875,2187000,166.05999755859375,167.6300048828125,161.98199462890625,163.39999389648438,163.1851806640625,17133800,219.4499969482422,221.24000549316406,218.25,218.77999877929688,218.77999877929688,736400,121.36000061035156,124.43000030517578,116.70999908447266,117.58999633789062,117.57994079589844,453023300,519.0499877929688,527.2000122070312,515.6799926757812,518.219970703125,517.72607421875,8317400
2024-08-30,172.77999877929688,178.89999389648438,172.60000610351562,178.5,178.5,43429400,230.19000244140625,230.39999389648438,227.47999572753906,229.0,228.7483367919922,52990800,700.3599853515625,701.8599853515625,688.1599731445312,701.3499755859375,701.3499755859375,3266700,164.22000122070312,165.27999877929688,163.41000366210938,165.11000061035156,164.8929443359375,18498800,218.85000610351562,219.85000610351562,217.58999633789062,219.7100067138672,219.7100067138672,355900,119.52999877929688,121.75,117.22000122070312,119.37000274658203,119.35979461669922,333751600,521.3499755859375,523.5399780273438,515.2000122070312,521.3099975585938,520.8131713867188,9157500
2024-09-03,177.5500030517578,178.25999450683594,175.25999450683594,176.25,176.25,37817500,228.5500030517578,229.0,221.1699981689453,222.77000427246094,222.52517700195312,50190600,700.0999755859375,703.8599853515625,671.010009765625,675.3200073242188,675.3200073242188,3161000,163.31500244140625,163.3800048828125,157.85499572753906,158.61000061035156,158.4014892578125,26533100,220.33999633789062,220.52999877929688,215.52000427246094,216.49000549316406,216.49000549316406,779600,116.01000213623047,116.20999908447266,107.29000091552734,108.0,107.99076080322266,477155100,519.6400146484375,525.489990234375,508.6199951171875,511.760009765625,511.2722473144531,12459100
2024-09-04,174.47999572753906,175.97999572753906,172.5399932861328,173.3300018310547,173.3300018310547,30309200,221.66000366210938,221.77999877929688,217.47999572753906,220.85000610351562,220.6072998046875,43840200,673.3099975585938,684.6500244140625,673.0599975585938,679.6799926757812,679.6799926757812,1785300,158.0749969482422,160.39999389648438,157.44000244140625,157.80999755859375,157.6025390625,17410700,213.74000549316406,216.22000122070312,213.41000366210938,215.42999267578125,215.42999267578125,586800,105.41000366210938,113.2699966430664,104.12000274658203,106.20999908447266,106.20091247558594,372470300,506.07000732421875,516.5900268554688,504.07000732421875,512.739990234375,512.2512817382812,8335200
2024-09-05,175.0,179.8800048828125,175.0,177.88999938964844,177.88999938964844,40170500,221.6300048828125,225.47999572753906,221.52000427246094,222.3800048828125,222.13560485839844,36615400,673.1400146484375,687.3099975585938,671.8599853515625,683.6199951171875,683.6199951171875,1810100,157.77999877929688,161.01499938964844,157.52000427246094,158.60000610351562,158.39151000976562,14139500,212.50999450683594,214.19000244140625,211.9199981689453,212.60000610351562,212.60000610351562,1305000,104.98999786376953,109.6500015258789,104.76000213623047,107.20999908447266,107.2008285522461,306850700,511.7200012207031,521.6300048828125,511.1499938964844,516.8599853515625,516.3673706054688,8640900
2024-09-06,177.24000549316406,178.3800048828125,171.16000366210938,171.38999938964844,171.38999938964844,41466500,223.9499969482422,225.24000549316406,219.77000427246094,220.82000732421875,220.57733154296875,48423000,681.8599853515625,683.1500244140625,662.3400268554688,665.77001953125,665.77001953125,2991300,158.69000244140625,159.22000122070312,151.93499755859375,152.1300048828125,151.9300079345703,24999100,214.30999755859375,214.80999755859375,210.3800048828125,211.3300018310547,211.3300018310547,682400,108.04000091552734,108.1500015258789,100.94999694824219,102.83000183105469,102.82120513916016,413638100,521.8800048828125,524.5800170898438,498.25,500.2699890136719,499.7931823730469,14744500
2024-09-09,174.52999877929688,175.85000610351562,173.50999450683594,175.39999389648438,175.39999389648438,29037400,220.82000732421875,221.27000427246094,216.7100067138672,220.91000366210938,220.66722106933594,67180000,674.0,683.5,672.1400146484375,675.4199829101562,675.4199829101562,2683100,153.6300048828125,154.63999938964844,148.1999969482422,149.5399932861328,149.5399932861328,28057700,212.0800018310547,214.5399932861328,211.66000366210938,213.97999572753906,213.97999572753906,836000,104.87999725341797,106.55000305175781,103.69000244140625,106.47000122070312,106.46089172363281,273912000,506.1600036621094,511.3299865722656,502.0799865722656,504.7900085449219,504.30889892578125,11047800
2024-09-10,177.49000549316406,180.5,176.7899932861328,179.5500030517578,179.5500030517578,36233800,218.9199981689453,221.47999572753906,216.72999572753906,220.11000061035156,219.86810302734375,51591000,676.8699951171875,680.5900268554688,665.8099975585938,673.6199951171875,673.6199951171875,2079200,151.4499969482422,152.3000030517578,149.54299926757812,150.00999450683594,150.00999450683594,20401800,213.39999389648438,214.55999755859375,210.80999755859375,213.9199981689453,213.9199981689453,1422100,107.80999755859375,109.4000015258789,104.94999694824219,108.0999984741211,108.09075164794922,268283700,508.1600036621094,514.1799926757812,500.0299987792969,504.7900085449219,504.30889892578125,9899000
2024-09-11,180.10000610351562,184.99000549316406,175.72999572753906,184.52000427246094,184.52000427246094,42564700,221.4600067138672,223.08999633789062,217.88999938964844,222.66000366210938,222.41529846191406,44587100,677.4600219726562,682.969970703125,660.7999877929688,681.469970703125,681.469970703125,2391900,151.08999633789062,152.47999572753906,148.6999969482422,152.14999389648438,152.14999389648438,18991500,214.82000732421875,217.92999267578125,212.11000061035156,217.6199951171875,217.6199951171875,732700,109.38999938964844,117.19000244140625,107.41999816894531,116.91000366210938,116.9000015258789,441422400,507.010009765625,513.1199951171875,495.6000061035156,511.8299865722656,511.3421630859375,10782500
2024-09-12,184.8000030517578,187.41000366210938,183.5399932861328,187.0,187.0,33622500,222.5,223.5500030517578,219.82000732421875,222.77000427246094,222.52517700195312,37498200,684.9199829101562,694.8800048828125,682.2000122070312,686.7999877929688,686.7999877929688,2588400,154.80999755859375,155.61000061035156,153.5,155.5399932861328,155.5399932861328,21024100,218.4600067138672,221.17999267578125,217.8800048828125,221.00999450683594,221.00999450683594,562700,116.83999633789062,120.79000091552734,115.37999725341797,119.13999938964844,119.13999938964844,367100500,517.0499877929688,526.7100219726562,515.219970703125,525.5999755859375,525.0990600585938,11993300
2024-09-13,187.0,188.5,185.91000366210938,186.49000549316406,186.49000549316406,26495400,223.5800018310547,224.0399932861328,221.91000366210938,222.5,222.25547790527344,36766600,680.010009765625,699.6400146484375,680.0,697.0599975585938,697.0599975585938,2276500,156.36199951171875,159.27499389648438,156.11000061035156,158.3699951171875,158.3699951171875,16733900,221.1999969482422,222.64999389648438,220.72999572753906,221.27999877929688,221.27999877929688,549100,119.08000183105469,119.95999908447266,117.5999984741211,119.0999984741211,119.0999984741211,238358300,520.3400268554688,527.5800170898438,517.1099853515625,524.6199951171875,524.1199951171875,10321400
2024-09-16,185.2899932861328,185.80999755859375,183.36000061035156,184.88999938964844,184.88999938964844,26065500,216.5399932861328,217.22000122070312,213.9199981689453,216.32000732421875,216.082275390625,59357400,700.0,703.02001953125,688.6300048828125,696.5,696.5,1843700,158.3300018310547,159.24000549316406,157.61000061035156,158.99000549316406,158.99000549316406,14157600,223.52000427246094,223.89999389648438,222.3000030517578,223.60000610351562,223.60000610351562,646000,116.79000091552734,118.18000030517578,114.36000061035156,116.77999877929688,116.77999877929688,248772300,524.5399780273438,534.0999755859375,517.4000244140625,533.280029296875,533.280029296875,9527600
2024-09-17,186.85000610351562,189.4499969482422,186.13999938964844,186.8800048828125,186.8800048828125,26091700,215.75,216.89999389648438,214.5,216.7899932861328,216.55174255371094,45519300,700.8200073242188,707.6300048828125,698.3699951171875,706.9099731445312,706.9099731445312,2298600,160.08999633789062,161.58999633789062,159.41000366210938,160.27999877929688,160.27999877929688,12064800,223.25999450683594,223.50999450683594,221.33999633789062,222.05999755859375,222.05999755859375,621800,118.16999816894531,118.80000305175781,114.83000183105469,115.58999633789062,115.58999633789062,231925900,537.5999755859375,542.0999755859375,530.5700073242188,536.3200073242188,536.3200073242188,11690800
2024-09-18,186.4499969482422,188.8000030517578,185.05999755859375,186.42999267578125,186.42999267578125,34448100,217.5500030517578,222.7100067138672,217.5399932861328,220.69000244140625,220.4474639892578,59894900,707.5499877929688,707.5499877929688,688.0,690.469970703125,690.469970703125,2984400,160.85000610351562,161.6300048828125,159.66000366210938,160.80999755859375,160.80999755859375,16756500,222.4600067138672,224.0500030517578,221.14999389648438,221.8800048828125,221.8800048828125,591000,115.88999938964844,117.69999694824219,113.22000122070312,113.37000274658203,113.37000274658203,310318900,537.0700073242188,544.2000122070312,533.9000244140625,537.9500122070312,537.9500122070312,10323500
2024-09-19,190.0399932861328,190.99000549316406,188.47000122070312,189.8699951171875,189.8699951171875,39543200,224.99000549316406,229.82000732421875,224.6300048828125,228.8699951171875,228.61846923828125,66781300,705.0,715.6599731445312,695.3699951171875,704.3200073242188,704.3200073242188,4228500,164.82000732421875,164.99000549316406,162.52200317382812,163.24000549316406,163.24000549316406,17548200,229.13999938964844,230.19000244140625,228.27000427246094,228.97000122070312,228.97000122070312,784400,117.3499984741211,119.66000366210938,117.25,117.87000274658203,117.87000274658203,293506400,550.0,562.0700073242188,546.52001953125,559.0999755859375,559.0999755859375,15647000
2024-09-20,190.22999572753906,191.83999633789062,187.41000366210938,191.60000610351562,191.60000610351562,100378600,229.97000122070312,233.08999633789062,227.6199951171875,228.1999969482422,227.94920349121094,318679900,705.5499877929688,706.6699829101562,696.3099975585938,701.030029296875,701.030029296875,3998100,164.52000427246094,164.75,163.17999267578125,164.63999938964844,164.63999938964844,46362700,229.17999267578125,229.27999877929688,227.00999450683594,228.80999755859375,228.80999755859375,577800,117.05999755859375,118.62000274658203,115.38999938964844,116.0,116.0,382462400,560.0,564.5,556.2999877929688,561.3499755859375,561.3499755859375,22066800
2024-09-23,191.63999938964844,194.4499969482422,190.57000732421875,193.8800048828125,193.8800048828125,36993100,227.33999633789062,229.4499969482422,225.80999755859375,226.47000122070312,226.2211151123047,54146000,702.3900146484375,712.25,699.1599731445312,705.3699951171875,705.3699951171875,3224300,165.33999633789062,166.61000061035156,162.9499969482422,163.07000732421875,163.07000732421875,15648400,230.47000122070312,230.85000610351562,229.77000427246094,230.44000244140625,230.44000244140625,374900,116.55000305175781,116.98999786376953,114.86000061035156,116.26000213623047,116.26000213623047,206228500,569.5,573.97998046875,562.4099731445312,564.4099731445312,564.4099731445312,12830700
2024-09-24,194.27000427246094,195.3699951171875,190.1300048828125,193.9600067138672,193.9600067138672,43478900,228.64999389648438,229.35000610351562,225.72999572753906,227.3699951171875,227.1201171875,43556100,706.6300048828125,722.4400024414062,704.4500122070312,722.260009765625,722.260009765625,3565700,164.25,164.5500030517578,162.02999877929688,163.63999938964844,163.63999938964844,18774100,229.9199981689453,231.1300048828125,228.25999450683594,230.92999267578125,230.92999267578125,572900,116.5199966430664,121.80000305175781,115.37999725341797,120.87000274658203,120.87000274658203,354966800,566.6799926757812,567.75,554.1900024414062,563.3300170898438,563.3300170898438,12993000
2024-09-25,193.75,193.9499969482422,192.16000366210938,192.52999877929688,192.52999877929688,26391100,224.92999267578125,227.2899932861328,224.02000427246094,226.3699951171875,226.1212158203125,42308700,721.0,725.1199951171875,716.2100219726562,721.5599975585938,721.5599975585938,2259800,162.97000122070312,164.2169952392578,162.77499389648438,162.99000549316406,162.99000549316406,13607900,224.9600067138672,225.9199981689453,223.2899932861328,223.2899932861328,223.2899932861328,1305200,122.0199966430664,124.94000244140625,121.61000061035156,123.51000213623047,123.51000213623047,284692900,564.0499877929688,576.8800048828125,563.719970703125,568.3099975585938,568.3099975585938,16543400
2024-09-26,194.30999755859375,194.52999877929688,189.5399932861328,191.16000366210938,191.16000366210938,36334900,227.3000030517578,228.5,225.41000366210938,227.52000427246094,227.26995849609375,36636700,724.72998046875,725.260009765625,701.719970703125,711.4299926757812,711.4299926757812,2833000,165.02999877929688,165.5,163.5,163.8300018310547,163.8300018310547,18234500,229.63999938964844,229.63999938964844,226.66000366210938,228.11000061035156,228.11000061035156,1057000,126.80000305175781,127.66999816894531,121.80000305175781,124.04000091552734,124.04000091552734,302582900,575.72998046875,577.4000244140625,562.3499755859375,567.8400268554688,567.8400268554688,14400800
2024-09-27,190.67999267578125,190.89999389648438,187.33999633789062,187.97000122070312,187.97000122070312,36002300,228.4600067138672,229.52000427246094,227.3000030517578,227.7899932861328,227.53965759277344,34026000,708.3599853515625,710.7100219726562,701.25,707.3499755859375,707.3499755859375,2395600,163.91000366210938,166.97000122070312,163.8300018310547,165.2899932861328,165.2899932861328,13604300,228.63999938964844,229.67999267578125,227.72999572753906,228.0,228.0,618100,123.97000122070312,124.02999877929688,119.26000213623047,121.4000015258789,121.4000015258789,271009200,570.0999755859375,570.8400268554688,564.510009765625,567.3599853515625,567.3599853515625,9398400
2024-09-30,187.13999938964844,188.49000549316406,184.64999389648438,186.3300018310547,186.3300018310547,41583900,230.0399932861328,233.0,229.64999389648438,233.0,232.7439422607422,54541900,707.0,711.2100219726562,702.8200073242188,709.27001953125,709.27001953125,1709900,164.77999877929688,167.36000061035156,164.63999938964844,167.19000244140625,167.19000244140625,14070100,229.60000610351562,229.88999938964844,227.27999877929688,229.10000610351562,229.10000610351562,488500,118.30999755859375,121.5,118.1500015258789,121.44000244140625,121.44000244140625,226553700,567.7000122070312,574.6799926757812,564.7999877929688,572.4400024414062,572.4400024414062,12792300
2024-10-01,184.89999389648438,186.19000244140625,183.4499969482422,185.1300048828125,185.1300048828125,36044900,229.52000427246094,229.64999389648438,223.74000549316406,226.2100067138672,225.96141052246094,63285000,713.6400146484375,717.760009765625,698.5900268554688,706.1300048828125,706.1300048828125,2813500,168.86000061035156,170.44000244140625,165.89999389648438,168.4199981689453,168.4199981689453,18629500,230.6300048828125,230.6699981689453,224.74000549316406,225.80999755859375,225.80999755859375,731600,121.7699966430664,122.44000244140625,115.79000091552734,117.0,117.0,302094500,577.97998046875,583.0399780273438,570.0999755859375,576.469970703125,576.469970703125,15259300
2024-10-02,184.44000244140625,186.60000610351562,184.0399932861328,184.75999450683594,184.75999450683594,23704100,225.88999938964844,227.3699951171875,223.02000427246094,226.77999877929688,226.53077697753906,32880600,706.1300048828125,716.2100219726562,704.6900024414062,711.0900268554688,711.0900268554688,1758200,167.75999450683594,168.8800048828125,166.25,167.30999755859375,167.30999755859375,12745000,223.58999633789062,225.57000732421875,222.3300018310547,224.6300048828125,224.6300048828125,534700,116.44000244140625,119.37999725341797,115.13999938964844,118.8499984741211,118.8499984741211,221845900,574.8599853515625,576.0,569.3400268554688,572.8099975585938,572.8099975585938,6524700
2024-10-03,183.0500030517578,183.44000244140625,180.8800048828125,181.9600067138672,181.9600067138672,30204300,225.13999938964844,226.80999755859375,223.32000732421875,225.6699981689453,225.42198181152344,34044200,704.260009765625,708.8099975585938,700.0,706.7999877929688,706.7999877929688,2256400,165.82000732421875,167.91000366210938,165.3699951171875,167.2100067138672,167.2100067138672,11004300,221.52999877929688,221.83999633789062,219.86000061035156,220.47000122070312,220.47000122070312,756900,120.91999816894531,124.36000061035156,120.33999633789062,122.8499984741211,122.8499984741211,277118000,570.1500244140625,583.3599853515625,568.72998046875,582.77001953125,582.77001953125,11581000
2024-10-04,185.75,187.60000610351562,183.60000610351562,186.50999450683594,186.50999450683594,40890300,227.89999389648438,228.0,224.1300048828125,226.8000030517578,226.55075073242188,37245100,713.3200073242188,721.010009765625,708.8200073242188,719.7000122070312,719.7000122070312,2229000,169.33999633789062,169.5500030517578,166.9600067138672,168.55999755859375,168.55999755859375,11422100,220.30999755859375,221.0399932861328,219.47000122070312,220.8800048828125,220.8800048828125,955300,124.94000244140625,125.04000091552734,121.83000183105469,124.91999816894531,124.91999816894531,243678100,583.72998046875,596.8499755859375,581.4299926757812,595.9400024414062,595.9400024414062,14169500
2024-10-07,182.9499969482422,183.60000610351562,180.25,180.8000030517578,180.8000030517578,42364200,224.5,225.69000244140625,221.3300018310547,221.69000244140625,221.4463653564453,39505400,714.760009765625,715.8800048828125,696.4299926757812,701.9199829101562,701.9199829101562,3360500,169.13999938964844,169.89999389648438,164.1300048828125,164.38999938964844,164.38999938964844,14034700,220.41000366210938,220.69000244140625,217.52000427246094,218.1300048828125,218.1300048828125,803200,124.98999786376953,130.63999938964844,124.94999694824219,127.72000122070312,127.72000122070312,346250200,598.219970703125,602.9500122070312,584.0399780273438,584.780029296875,584.780029296875,12014200
2024-10-08,181.9199981689453,183.08999633789062,180.9199981689453,182.72000122070312,182.72000122070312,26372100,224.3000030517578,225.97999572753906,223.25,225.77000427246094,225.52188110351562,31855700,703.8800048828125,725.0599975585938,703.5499877929688,721.760009765625,721.760009765625,3187400,165.42999267578125,166.10000610351562,164.30999755859375,165.6999969482422,165.6999969482422,11723900,223.75999450683594,226.7899932861328,223.25999450683594,226.6300048828125,226.6300048828125,1102800,130.25999450683594,133.47999572753906,129.4199981689453,132.88999938964844,132.88999938964844,285722500,589.6900024414062,593.5599975585938,585.969970703125,592.8900146484375,592.8900146484375,7857400
2024-10-09,182.82000732421875,185.85000610351562,182.0500030517578,185.1699981689453,185.1699981689453,26343100,225.22999572753906,229.75,224.8300018310547,229.5399932861328,229.28773498535156,33591100,719.25,728.5900268554688,718.8699951171875,727.4299926757812,727.4299926757812,1981100,164.85499572753906,166.25999450683594,161.1199951171875,163.05999755859375,163.05999755859375,19666400,225.5800018310547,228.91000366210938,225.5399932861328,228.89999389648438,228.89999389648438,762700,134.11000061035156,134.52000427246094,131.3800048828125,132.64999389648438,132.64999389648438,246191600,593.989990234375,594.3900146484375,581.6099853515625,590.510009765625,590.510009765625,9529700
2024-10-10,187.1300048828125,188.1300048828125,185.8300018310547,186.64999389648438,186.64999389648438,27785000,227.77999877929688,229.5,227.1699981689453,229.0399932861328,228.7882843017578,28183500,723.2899780273438,733.8499755859375,722.5,730.2899780273438,730.2899780273438,2767900,162.11000061035156,164.31100463867188,161.63999938964844,163.17999267578125,163.17999267578125,12900500,224.88999938964844,225.5,223.6999969482422,224.77000427246094,224.77000427246094,685900,131.91000366210938,135.0,131.0,134.80999755859375,134.80999755859375,242311300,587.5700073242188,590.22998046875,582.52001953125,583.8300170898438,583.8300170898438,7740400
2024-10-11,186.6300048828125,189.92999267578125,186.3000030517578,188.82000732421875,188.82000732421875,25751600,229.3000030517578,229.41000366210938,227.33999633789062,227.5500030517578,227.2999267578125,31759200,734.9000244140625,736.0,721.219970703125,722.7899780273438,722.7899780273438,2299500,163.3300018310547,165.27000427246094,162.5,164.52000427246094,164.52000427246094,10946000,226.17999267578125,228.6300048828125,225.6699981689453,228.14999389648438,228.14999389648438,553500,134.00999450683594,135.77999877929688,133.66000366210938,134.8000030517578,134.8000030517578,170209500,584.8300170898438,591.2100219726562,582.7100219726562,589.9500122070312,589.9500122070312,8587100
2024-10-14,189.77999877929688,189.8300018310547,187.36000061035156,187.5399932861328,187.5399932861328,22614400,228.6999969482422,231.72999572753906,228.60000610351562,231.3000030517578,231.04580688476562,39882100,725.0,726.6199951171875,711.3099975585938,713.0,713.0,2797100,164.91000366210938,167.6199951171875,164.77999877929688,166.35000610351562,166.35000610351562,9981800,230.27000427246094,232.22999572753906,230.17999267578125,231.8000030517578,231.8000030517578,678800,136.47000122070312,139.60000610351562,136.3000030517578,138.07000732421875,138.07000732421875,232347700,594.219970703125,600.0999755859375,589.9600219726562,590.4199829101562,590.4199829101562,8252000
2024-10-15,187.6300048828125,188.41000366210938,184.5800018310547,187.69000244140625,187.69000244140625,32178900,233.61000061035156,237.49000549316406,232.3699951171875,233.85000610351562,233.59300231933594,64751400,712.510009765625,713.4000244140625,699.780029296875,705.97998046875,705.97998046875,2932800,167.13999938964844,169.08999633789062,166.0500030517578,166.89999389648438,166.89999389648438,14829300,231.66000366210938,231.86000061035156,227.8300018310547,229.52000427246094,229.52000427246094,1066900,137.8699951171875,138.57000732421875,128.74000549316406,131.60000610351562,131.60000610351562,377831000,590.1599731445312,590.6099853515625,580.1400146484375,586.27001953125,586.27001953125,9564200
2024-10-16,187.0500030517578,187.77999877929688,185.61000061035156,186.88999938964844,186.88999938964844,23456800,231.60000610351562,232.1199951171875,229.83999633789062,231.77999877929688,231.5252685546875,34082200,703.4299926757812,705.5900268554688,697.8200073242188,702.0,702.0,2494300,166.02999877929688,167.27999877929688,165.21600341796875,166.74000549316406,166.74000549316406,9968500,230.0800018310547,230.25,228.49000549316406,229.44000244140625,229.44000244140625,917400,133.97999572753906,136.6199951171875,131.5800018310547,135.72000122070312,135.72000122070312,264879700,581.4000244140625,582.0800170898438,574.030029296875,576.7899780273438,576.7899780273438,11268400
2024-10-17,188.22000122070312,188.94000244140625,186.0,187.52999877929688,187.52999877929688,25039400,233.42999267578125,233.85000610351562,230.52000427246094,232.14999389648438,231.89486694335938,32993800,704.3499755859375,704.4099731445312,677.8800048828125,687.6500244140625,687.6500244140625,8926700,167.3800048828125,167.92999267578125,164.3699951171875,164.50999450683594,164.50999450683594,15113400,229.7100067138672,229.97000122070312,227.67999267578125,228.83999633789062,228.83999633789062,576300,139.33999633789062,140.88999938964844,136.8699951171875,136.92999267578125,136.92999267578125,306435900,583.3300170898438,584.969970703125,575.2000122070312,576.9299926757812,576.9299926757812,8701200
2024-10-18,187.14999389648438,190.74000549316406,186.27999877929688,188.99000549316406,188.99000549316406,37417700,236.17999267578125,236.17999267578125,234.00999450683594,235.0,234.74172973632812,46431500,737.6400146484375,766.280029296875,736.22998046875,763.8900146484375,763.8900146484375,15974100,164.8699951171875,166.3699951171875,164.75,165.0500030517578,165.0500030517578,13091300,229.6999969482422,231.60000610351562,229.38999938964844,230.44000244140625,230.44000244140625,654200,138.6699981689453,138.89999389648438,137.27999877929688,138.0,138.0,176090200,581.0999755859375,583.969970703125,575.25,576.469970703125,576.469970703125,7694300
2024-10-21,188.0500030517578,189.4600067138672,186.39999389648438,189.07000732421875,189.07000732421875,24639400,234.4499969482422,236.85000610351562,234.4499969482422,236.47999572753906,236.22010803222656,36254500,765.760009765625,773.0,756.5999755859375,772.0700073242188,772.0700073242188,6057100,164.5800018310547,166.22000122070312,164.30499267578125,165.8000030517578,165.8000030517578,11384000,229.8699951171875,230.83999633789062,228.1199951171875,229.47999572753906,229.47999572753906,1525500,138.1300048828125,143.7100067138672,138.0,143.7100067138672,143.7100067138672,264554500,576.030029296875,577.239990234375,569.1099853515625,575.1599731445312,575.1599731445312,8171900
2024-10-22,188.35000610351562,191.52000427246094,186.97999572753906,189.6999969482422,189.6999969482422,29650600,233.88999938964844,236.22000122070312,232.60000610351562,235.86000061035156,235.60079956054688,38846600,765.27001953125,769.7000122070312,761.1199951171875,764.239990234375,764.239990234375,2987300,164.6999969482422,167.47000122070312,164.6699981689453,166.82000732421875,166.82000732421875,11958600,236.41000366210938,237.72000122070312,231.08999633789062,232.32000732421875,232.32000732421875,2155000,142.91000366210938,144.4199981689453,141.77999877929688,143.58999633789062,143.58999633789062,226311600,574.2899780273438,583.530029296875,572.1199951171875,582.010009765625,582.010009765625,8544500
2024-10-23,188.85000610351562,189.16000366210938,183.69000244140625,184.7100067138672,184.7100067138672,31937100,234.0800018310547,235.13999938964844,227.75999450683594,230.75999450683594,230.5063934326172,52287000,762.8300170898438,763.7899780273438,744.260009765625,749.2899780273438,749.2899780273438,3749000,166.42999267578125,167.60000610351562,163.63299560546875,164.47999572753906,164.47999572753906,12754300,235.1199951171875,236.80999755859375,234.08999633789062,234.58999633789062,234.58999633789062,1099300,142.02999877929688,142.42999267578125,137.4600067138672,139.55999755859375,139.55999755859375,285930000,579.969970703125,585.0,562.5,563.6900024414062,563.6900024414062,14248400
2024-10-24,185.25,187.11000061035156,183.86000061035156,186.3800048828125,186.3800048828125,21647400,229.97999572753906,230.82000732421875,228.41000366210938,230.57000732421875,230.31661987304688,31109500,751.969970703125,755.8200073242188,746.25,754.5499877929688,754.5499877929688,2643000,164.58999633789062,165.0500030517578,162.77000427246094,164.52999877929688,164.52999877929688,12764400,237.1999969482422,238.47999572753906,236.32000732421875,238.3000030517578,238.3000030517578,1369300,140.82000732421875,141.35000610351562,138.4600067138672,140.41000366210938,140.41000366210938,172354900,567.1300048828125,568.8800048828125,561.52001953125,567.780029296875,567.780029296875,7184700
2024-10-25,187.85000610351562,190.4499969482422,187.52999877929688,187.8300018310547,187.8300018310547,29362100,229.74000549316406,233.22000122070312,229.57000732421875,231.41000366210938,231.1556854248047,38802300,756.1699829101562,768.5,753.530029296875,754.6799926757812,754.6799926757812,2819500,165.36500549316406,167.39999389648438,165.22999572753906,166.99000549316406,166.99000549316406,14566400,238.88999938964844,240.0800018310547,237.4499969482422,237.69000244140625,237.69000244140625,741500,140.92999267578125,144.1300048828125,140.8000030517578,141.5399932861328,141.5399932861328,205122100,573.9299926757812,581.2899780273438,571.719970703125,573.25,573.25,11337900
2024-10-28,189.57000732421875,190.2100067138672,188.2100067138672,188.38999938964844,188.38999938964844,27930800,233.32000732421875,234.72999572753906,232.5500030517578,233.39999389648438,233.14349365234375,36087100,758.6799926757812,758.6799926757812,747.8800048828125,749.1199951171875,749.1199951171875,2862400,170.58999633789062,170.6060028076172,165.7899932861328,168.33999633789062,168.33999633789062,20858300,240.82000732421875,240.99000549316406,239.72999572753906,240.27999877929688,240.27999877929688,874600,143.0,143.13999938964844,140.0500030517578,140.52000427246094,140.52000427246094,173586700,582.0,583.75,574.1199951171875,578.1599731445312,578.1599731445312,10925100
2024-10-29,188.5800018310547,191.4600067138672,187.82000732421875,190.8300018310547,190.8300018310547,35690200,233.10000610351562,234.3300018310547,232.32000732421875,233.6699981689453,233.41319274902344,35417200,751.1300048828125,763.8800048828125,748.010009765625,759.4400024414062,759.4400024414062,3660400,169.38499450683594,171.86000061035156,168.66000366210938,171.13999938964844,171.13999938964844,28916100,240.5,243.00999450683594,240.0,242.30999755859375,242.30999755859375,802300,140.2899932861328,142.25999450683594,138.89999389648438,141.25,141.25,157593600,580.1500244140625,593.6699829101562,575.4000244140625,593.280029296875,593.280029296875,13019100
2024-10-30,194.6999969482422,195.61000061035156,192.4199981689453,192.72999572753906,192.72999572753906,37707600,232.61000061035156,233.47000122070312,229.5500030517578,230.10000610351562,229.8471221923828,47070900,758.0800170898438,759.7899780273438,752.280029296875,753.739990234375,753.739990234375,1722000,182.41000366210938,183.7899932861328,175.7449951171875,176.13999938964844,176.13999938964844,49698300,238.6999969482422,240.55999755859375,237.19000244140625,237.35000610351562,237.35000610351562,820800,139.5399932861328,140.3300018310547,136.80999755859375,139.33999633789062,139.33999633789062,179418100,600.97998046875,601.2000122070312,589.3800048828125,591.7999877929688,591.7999877929688,26864900
2024-10-31,190.50999450683594,190.60000610351562,185.22999572753906,186.39999389648438,186.39999389648438,75146800,229.33999633789062,229.8300018310547,225.3699951171875,225.91000366210938,225.66172790527344,64370100,753.9299926757812,760.7899780273438,752.22998046875,756.030029296875,756.030029296875,3057700,174.72000122070312,178.4199981689453,172.55999755859375,172.69000244140625,172.69000244140625,32801900,235.9499969482422,235.9499969482422,231.4499969482422,233.63999938964844,233.63999938964844,890500,137.60000610351562,137.61000061035156,132.11000061035156,132.75999450683594,132.75999450683594,270039600,585.0,589.9000244140625,563.010009765625,567.5800170898438,567.5800170898438,26838400
2024-11-01,199.0,200.5,197.02000427246094,197.92999267578125,197.92999267578125,99687800,220.97000122070312,225.35000610351562,220.27000427246094,222.91000366210938,222.66502380371094,65276700,753.47998046875,763.7999877929688,747.77001953125,756.0999755859375,756.0999755859375,2996800,171.5399932861328,173.82000732421875,170.30999755859375,172.64999389648438,172.64999389648438,21752900,234.8000030517578,235.55999755859375,233.11000061035156,233.11000061035156,233.11000061035156,745700,134.6999969482422,137.30999755859375,134.57000732421875,135.39999389648438,135.39999389648438,207127800,567.6099853515625,573.6699829101562,562.5599975585938,567.1599731445312,567.1599731445312,15303200
2024-11-04,196.4499969482422,197.3300018310547,194.30999755859375,195.77999877929688,195.77999877929688,38492100,220.99000549316406,222.7899932861328,219.7100067138672,222.00999450683594,221.76600646972656,44944500,753.1400146484375,762.47998046875,749.6900024414062,755.510009765625,755.510009765625,1902200,171.24000549316406,171.9199981689453,169.48500061035156,170.67999267578125,170.67999267578125,16194000,233.0399932861328,233.4499969482422,231.67999267578125,232.8300018310547,232.8300018310547,416600,137.2100067138672,138.9600067138672,135.57000732421875,136.0500030517578,136.0500030517578,187528200,564.0999755859375,568.6900024414062,557.8900146484375,560.6799926757812,560.6799926757812,12064600
2024-11-05,196.0399932861328,199.82000732421875,195.99000549316406,199.5,199.5,30564800,221.8000030517578,223.9499969482422,221.13999938964844,223.4499969482422,223.2044219970703,28111300,757.3499755859375,767.530029296875,756.27001953125,763.9099731445312,763.9099731445312,2200600,170.8300018310547,172.0970001220703,170.3699951171875,171.41000366210938,171.41000366210938,12518300,234.0800018310547,236.1999969482422,234.02000427246094,235.89999389648438,235.89999389648438,836200,137.4499969482422,140.3699951171875,137.3300018310547,139.91000366210938,139.91000366210938,160537400,567.2999877929688,573.47998046875,566.6699829101562,572.4299926757812,572.4299926757812,9775400
2024-11-06,200.00999450683594,207.5500030517578,199.13999938964844,207.08999633789062,207.08999633789062,72292200,222.61000061035156,226.07000732421875,221.19000244140625,222.72000122070312,222.47523498535156,54561100,771.5,781.489990234375,757.3800048828125,780.2100219726562,780.2100219726562,3690800,175.35000610351562,178.63999938964844,175.0399932861328,178.3300018310547,178.3300018310547,27061500,229.8800048828125,231.6300048828125,228.25999450683594,231.3000030517578,231.3000030517578,1821800,142.9600067138672,146.49000549316406,141.9600067138672,145.61000061035156,145.61000061035156,242043900,562.75,573.0,555.1699829101562,572.0499877929688,572.0499877929688,18305400
2024-11-07,207.44000244140625,212.25,207.19000244140625,210.0500030517578,210.0500030517578,52878400,224.6300048828125,227.8800048828125,224.57000732421875,227.47999572753906,227.22999572753906,42137700,781.3699951171875,798.219970703125,779.9400024414062,796.5399780273438,796.5399780273438,3295100,179.11000061035156,182.5800018310547,178.88999938964844,182.27999877929688,182.27999877929688,16730400,236.74000549316406,240.3699951171875,236.69000244140625,240.19000244140625,240.19000244140625,839800,146.38999938964844,148.92999267578125,146.1699981689453,148.8800048828125,148.8800048828125,207323300,576.8900146484375,594.7999877929688,575.2100219726562,591.7000122070312,591.7000122070312,14653700
2024-11-08,209.72000122070312,209.9600067138672,207.44000244140625,208.17999267578125,208.17999267578125,36075800,227.1699981689453,228.66000366210938,226.41000366210938,226.9600067138672,226.9600067138672,38328800,797.3599853515625,799.0599975585938,788.6500244140625,795.0399780273438,795.0399780273438,1910600,182.0,182.35000610351562,179.57000732421875,179.86000061035156,179.86000061035156,15021500,239.13999938964844,239.22999572753906,236.74000549316406,237.55999755859375,237.55999755859375,706600,148.77000427246094,149.77000427246094,146.25999450683594,147.6300048828125,147.6300048828125,175665800,591.5399780273438,593.0999755859375,584.52001953125,589.3400268554688,589.3400268554688,9415700
2024-11-11,208.5,209.64999389648438,205.58999633789062,206.83999633789062,206.83999633789062,35456000,225.0,225.6999969482422,221.5,224.22999572753906,224.22999572753906,42005600,795.9000244140625,806.8200073242188,795.5700073242188,805.4400024414062,805.4400024414062,2399200,180.07000732421875,182.0850067138672,179.99000549316406,181.97000122070312,181.97000122070312,12503400,237.39999389648438,237.57000732421875,234.6199951171875,235.86000061035156,235.86000061035156,856100,148.67999267578125,148.85000610351562,143.57000732421875,145.25999450683594,145.25999450683594,182325600,586.3599853515625,587.0,576.510009765625,583.1699829101562,583.1699829101562,10209100
2024-11-12,208.3699951171875,209.5399932861328,206.00999450683594,208.91000366210938,208.91000366210938,38942900,224.5500030517578,225.58999633789062,223.36000061035156,224.22999572753906,224.22999572753906,40398300,807.5,820.3699951171875,803.75,819.5,819.5,2814100,181.3800048828125,184.02499389648438,180.99000549316406,183.32000732421875,183.32000732421875,14065800,235.88999938964844,236.6199951171875,233.13999938964844,234.47000122070312,234.47000122070312,888100,146.77999877929688,149.64999389648438,146.00999450683594,148.2899932861328,148.2899932861328,198634700,588.5399780273438,599.6599731445312,580.3800048828125,584.8200073242188,584.8200073242188,16287700
2024-11-13,209.39999389648438,215.08999633789062,209.13999938964844,214.10000610351562,214.10000610351562,46212900,224.00999450683594,226.64999389648438,222.75999450683594,225.1199951171875,225.1199951171875,48566200,822.6199951171875,836.989990234375,820.5399780273438,830.469970703125,830.469970703125,2767800,182.14999389648438,182.61500549316406,180.1199951171875,180.49000549316406,180.49000549316406,13969700,231.60000610351562,232.77999877929688,228.42999267578125,230.0,230.0,1488300,149.07000732421875,149.3300018310547,145.89999389648438,146.27000427246094,146.27000427246094,191903300,582.6099853515625,585.6400146484375,575.1699829101562,580.0,580.0,10757600
2024-11-14,214.16000366210938,215.89999389648438,210.8800048828125,211.47999572753906,211.47999572753906,42620300,225.02000427246094,228.8699951171875,225.0,228.22000122070312,228.22000122070312,44923900,833.6699829101562,841.0,830.02001953125,837.260009765625,837.260009765625,3038200,179.75,180.44500732421875,176.02999877929688,177.35000610351562,177.35000610351562,17925800,232.1300048828125,234.24000549316406,231.27999877929688,231.39999389648438,231.39999389648438,831700,147.63999938964844,149.0,145.5500030517578,146.75999450683594,146.75999450683594,194463300,577.0,580.760009765625,573.010009765625,577.1599731445312,577.1599731445312,11053700
2024-11-15,206.75999450683594,207.33999633789062,199.61000061035156,202.61000061035156,202.61000061035156,86591100,226.39999389648438,226.9199981689453,224.27000427246094,225.0,225.0,47923700,832.0399780273438,832.0399780273438,816.489990234375,823.9600219726562,823.9600219726562,3673700,175.63999938964844,175.8800048828125,172.7449951171875,173.88999938964844,173.88999938964844,21708900,228.89999389648438,229.3699951171875,227.52000427246094,228.30999755859375,228.30999755859375,824400,144.8699951171875,145.24000549316406,140.0800018310547,141.97999572753906,141.97999572753906,250132900,571.219970703125,572.5700073242188,551.5,554.0800170898438,554.0800170898438,17712900
2024-11-18,204.14999389648438,204.6699981689453,200.9499969482422,201.6999969482422,201.6999969482422,36512500,225.25,229.74000549316406,225.1699981689453,228.02000427246094,228.02000427246094,44686000,815.5,848.4500122070312,809.3300170898438,847.0499877929688,847.0499877929688,4084100,174.9550018310547,176.91000366210938,174.4199981689453,176.8000030517578,176.8000030517578,18725400,229.6999969482422,231.57000732421875,229.25999450683594,231.3000030517578,231.3000030517578,611100,139.5,141.5500030517578,137.14999389648438,140.14999389648438,140.14999389648438,221866000,557.0399780273438,559.9000244140625,550.0900268554688,554.4000244140625,554.4000244140625,14346700
2024-11-19,199.3300018310547,205.3000030517578,198.77999877929688,204.61000061035156,204.61000061035156,31197900,226.97999572753906,230.16000366210938,226.66000366210938,228.27999877929688,228.27999877929688,36211800,839.75,874.489990234375,839.1599731445312,871.3200073242188,871.3200073242188,3814200,175.23500061035156,180.1699981689453,175.11599731445312,179.5800018310547,179.5800018310547,15392900,229.99000549316406,233.69000244140625,229.72000122070312,233.1999969482422,233.1999969482422,614200,141.32000732421875,147.1300048828125,140.99000549316406,147.00999450683594,147.00999450683594,227834900,551.8599853515625,561.4299926757812,550.5999755859375,561.0900268554688,561.0900268554688,9522400
2024-11-20,202.97999572753906,203.1300048828125,199.4499969482422,202.8800048828125,202.8800048828125,32769000,228.05999755859375,229.92999267578125,225.88999938964844,229.0,229.0,35169600,879.97998046875,890.5999755859375,868.4000244140625,883.8499755859375,883.8499755859375,4093800,178.8300018310547,179.11000061035156,175.3300018310547,177.3300018310547,177.3300018310547,15729800,234.11000061035156,235.02999877929688,231.2899932861328,235.02000427246094,235.02000427246094,603900,147.41000366210938,147.55999755859375,142.72999572753906,145.88999938964844,145.88999938964844,309871700,562.9299926757812,566.3499755859375,554.2000122070312,565.52001953125,565.52001953125,9797300
2024-11-21,203.49000549316406,203.49000549316406,195.75,198.3800048828125,198.3800048828125,58800000,228.8800048828125,230.16000366210938,225.7100067138672,228.52000427246094,228.52000427246094,42108300,883.9299926757812,908.0,877.239990234375,897.47998046875,897.47998046875,4511300,175.4550018310547,175.5800018310547,165.30999755859375,169.24000549316406,169.24000549316406,38839400,234.5399932861328,236.64999389648438,233.25999450683594,236.02999877929688,236.02999877929688,947100,149.35000610351562,152.88999938964844,140.6999969482422,146.6699981689453,146.6699981689453,400946600,569.52001953125,570.0,549.0499877929688,563.0900268554688,563.0900268554688,11154700
2024-11-22,198.25,199.25999450683594,196.75,197.1199951171875,197.1199951171875,31530800,228.05999755859375,230.72000122070312,228.05999755859375,229.8699951171875,229.8699951171875,38168300,896.0,906.0,893.0,897.7899780273438,897.7899780273438,3214000,167.16000366210938,168.26499938964844,165.7100067138672,166.57000732421875,166.57000732421875,24497000,235.74000549316406,236.75999450683594,234.25999450683594,236.25,236.25,750700,145.92999267578125,147.16000366210938,141.10000610351562,141.9499969482422,141.9499969482422,236406200,563.5499877929688,563.8300170898438,554.5900268554688,559.1400146484375,559.1400146484375,9164000
2024-11-25,199.27999877929688,201.9499969482422,199.0,201.4499969482422,201.4499969482422,40685700,231.4600067138672,233.25,229.74000549316406,232.8699951171875,232.8699951171875,90152800,902.0499877929688,902.0499877929688,864.219970703125,865.5900268554688,865.5900268554688,6014200,167.99000549316406,170.4600067138672,167.39999389648438,169.42999267578125,169.42999267578125,21395700,237.1699981689453,237.22999572753906,233.25999450683594,233.80999755859375,233.80999755859375,616800,141.99000549316406,142.0500030517578,135.82000732421875,136.02000427246094,136.02000427246094,344941900,562.0999755859375,572.5900268554688,556.3900146484375,565.1099853515625,565.1099853515625,13599800
2024-11-26,201.89999389648438,208.0,201.7899932861328,207.86000061035156,207.86000061035156,41673700,233.3300018310547,235.57000732421875,233.3300018310547,235.05999755859375,235.05999755859375,45986200,867.489990234375,886.3599853515625,867.25,872.5999755859375,872.5999755859375,3138300,169.49000549316406,171.4949951171875,169.42999267578125,170.6199951171875,170.6199951171875,14937500,234.41000366210938,235.13999938964844,233.3300018310547,235.05999755859375,235.05999755859375,804800,137.6999969482422,139.3000030517578,135.6699981689453,136.9199981689453,136.9199981689453,190287700,566.0,577.5,565.2000122070312,573.5399780273438,573.5399780273438,10356600
2024-11-27,206.97999572753906,207.63999938964844,205.0500030517578,205.74000549316406,205.74000549316406,28061600,234.47000122070312,235.69000244140625,233.80999755859375,234.92999267578125,234.92999267578125,33498400,872.0599975585938,880.9500122070312,858.9099731445312,877.3400268554688,877.3400268554688,2578200,170.67999267578125,171.13999938964844,169.6699981689453,170.82000732421875,170.82000732421875,12433400,232.4600067138672,233.22999572753906,231.5500030517578,232.02000427246094,232.02000427246094,961700,135.00999450683594,137.22000122070312,131.8000030517578,135.33999633789062,135.33999633789062,226370900,574.8900146484375,574.97998046875,564.0999755859375,569.2000122070312,569.2000122070312,7200200
2024-11-29,205.8300018310547,207.52999877929688,204.58999633789062,207.5,207.5,16603330,234.83999633789062,237.14999389648438,233.97000122070312,236.8800048828125,236.8800048828125,14400544,882.1699829101562,892.4099731445312,876.6799926757812,890.14501953125,890.14501953125,1358515,170.22999572753906,170.86000061035156,168.75,170.22999572753906,170.22999572753906,4936655,234.3800048828125,237.92999267578125,234.08999633789062,237.5749969482422,237.5749969482422,359335,136.85000610351562,139.35000610351562,136.0500030517578,138.50999450683594,138.50999450683594,106183268,567.9000244140625,578.4000244140625,566.9000244140625,574.7100219726562,574.7100219726562,4860203
